id,city,date,team1,team2,toss_winner,toss_decision,result,dl_applied,winner,win_by,win_type,player_of_match,umpire1
1,Hyderabad,2017-04-05,SRH,RCB,RCB,field,normal,0,SRH,35,runs,Yuvraj Singh,AY Dandekar
2,Pune,2017-04-06,MI,RPS,RPS,field,normal,0,RPS,7,wickets,SPD Smith,A Nand Kishore
3,Rajkot,2017-04-07,GL,KKR,KKR,field,normal,0,KKR,10,wickets,CA Lynn,Nitin Menon
4,Indore,2017-04-08,RPS,KXIP,KXIP,field,normal,0,KXIP,6,wickets,GJ Maxwell,AK Chaudhary
5,Bangalore,2017-04-08,RCB,DD,RCB,bat,normal,0,RCB,15,runs,KM Jadhav,
6,Hyderabad,2017-04-09,GL,SRH,SRH,field,normal,0,SRH,9,wickets,Rashid Khan,A Deshmukh
7,Mumbai,2017-04-09,KKR,MI,MI,field,normal,0,MI,4,wickets,N Rana,Nitin Menon
8,Indore,2017-04-10,RCB,KXIP,RCB,bat,normal,0,KXIP,8,wickets,AR Patel,AK Chaudhary
9,Pune,2017-04-11,DD,RPS,RPS,field,normal,0,DD,97,runs,SV Samson,AY Dandekar
10,Mumbai,2017-04-12,SRH,MI,MI,field,normal,0,MI,4,wickets,JJ Bumrah,Nitin Menon
11,Kolkata,2017-04-13,KXIP,KKR,KKR,field,normal,0,KKR,8,wickets,SP Narine,A Deshmukh
12,Bangalore,2017-04-14,RCB,MI,MI,field,normal,0,MI,4,wickets,KA Pollard,KN Ananthapadmanabhan
13,Rajkot,2017-04-14,RPS,GL,GL,field,normal,0,GL,7,wickets,AJ Tye,A Nand Kishore
14,Kolkata,2017-04-15,KKR,SRH,SRH,field,normal,0,KKR,17,runs,RV Uthappa,AY Dandekar
15,Delhi,2017-04-15,DD,KXIP,DD,bat,normal,0,DD,51,runs,CJ Anderson,YC Barde
16,Mumbai,2017-04-16,GL,MI,MI,field,normal,0,MI,6,wickets,N Rana,A Nand Kishore
17,Bangalore,2017-04-16,RPS,RCB,RCB,field,normal,0,RPS,27,runs,BA Stokes,KN Ananthapadmanabhan
18,Delhi,2017-04-17,DD,KKR,DD,bat,normal,0,KKR,4,wickets,NM Coulter-Nile,Nitin Menon
19,Hyderabad,2017-04-17,SRH,KXIP,KXIP,field,normal,0,SRH,5,runs,B Kumar,AY Dandekar
20,Rajkot,2017-04-18,RCB,GL,GL,field,normal,0,RCB,21,runs,CH Gayle,S Ravi
21,Hyderabad,2017-04-19,SRH,DD,SRH,bat,normal,0,SRH,15,runs,KS Williamson,CB Gaffaney
22,Indore,2017-04-20,KXIP,MI,MI,field,normal,0,MI,8,wickets,JC Buttler,M Erasmus
23,Kolkata,2017-04-21,KKR,GL,GL,field,normal,0,GL,4,wickets,SK Raina,CB Gaffaney
24,Mumbai,2017-04-22,MI,DD,DD,field,normal,0,MI,14,runs,MJ McClenaghan,A Nand Kishore
25,Pune,2017-04-22,SRH,RPS,RPS,field,normal,0,RPS,6,wickets,MS Dhoni,AY Dandekar
26,Rajkot,2017-04-23,KXIP,GL,GL,field,normal,0,KXIP,26,runs,HM Amla,AK Chaudhary
27,Kolkata,2017-04-23,KKR,RCB,RCB,field,normal,0,KKR,82,runs,NM Coulter-Nile,CB Gaffaney
28,Mumbai,2017-04-24,RPS,MI,MI,field,normal,0,RPS,3,runs,BA Stokes,A Nand Kishore
29,Pune,2017-04-26,RPS,KKR,KKR,field,normal,0,KKR,7,wickets,RV Uthappa,AY Dandekar
30,Bangalore,2017-04-27,RCB,GL,GL,field,normal,0,GL,7,wickets,AJ Tye,AK Chaudhary
31,Kolkata,2017-04-28,DD,KKR,KKR,field,normal,0,KKR,7,wickets,G Gambhir,NJ Llong
32,Chandigarh,2017-04-28,SRH,KXIP,KXIP,field,normal,0,SRH,26,runs,Rashid Khan,Nitin Menon
33,Pune,2017-04-29,RPS,RCB,RCB,field,normal,0,RPS,61,runs,LH Ferguson,KN Ananthapadmanabhan
34,Rajkot,2017-04-29,GL,MI,GL,bat,tie,0,MI,0,,KH Pandya,AK Chaudhary
35,Chandigarh,2017-04-30,DD,KXIP,KXIP,field,normal,0,KXIP,10,wickets,Sandeep Sharma,YC Barde
36,Hyderabad,2017-04-30,SRH,KKR,KKR,field,normal,0,SRH,48,runs,DA Warner,AY Dandekar
37,Mumbai,2017-05-01,RCB,MI,RCB,bat,normal,0,MI,5,wickets,RG Sharma,AK Chaudhary
38,Pune,2017-05-01,GL,RPS,RPS,field,normal,0,RPS,5,wickets,BA Stokes,M Erasmus
39,Delhi,2017-05-02,SRH,DD,DD,field,normal,0,DD,6,wickets,Mohammed Shami,YC Barde
40,Kolkata,2017-05-03,KKR,RPS,RPS,field,normal,0,RPS,4,wickets,RA Tripathi,KN Ananthapadmanabhan
41,Delhi,2017-05-04,GL,DD,DD,field,normal,0,DD,7,wickets,RR Pant,M Erasmus
42,Bangalore,2017-05-05,KXIP,RCB,RCB,field,normal,0,KXIP,19,runs,Sandeep Sharma,CB Gaffaney
43,Hyderabad,2017-05-06,RPS,SRH,SRH,field,normal,0,RPS,12,runs,JD Unadkat,KN Ananthapadmanabhan
44,Delhi,2017-05-06,MI,DD,DD,field,normal,0,MI,146,runs,LMP Simmons,Nitin Menon
45,Bangalore,2017-05-07,RCB,KKR,KKR,field,normal,0,KKR,6,wickets,SP Narine,AY Dandekar
46,Chandigarh,2017-05-07,KXIP,GL,GL,field,normal,0,GL,6,wickets,DR Smith,A Nand Kishore
47,Hyderabad,2017-05-08,MI,SRH,MI,bat,normal,0,SRH,7,wickets,S Dhawan,KN Ananthapadmanabhan
48,Chandigarh,2017-05-09,KXIP,KKR,KKR,field,normal,0,KXIP,14,runs,MM Sharma,A Nand Kishore
49,Kanpur,2017-05-10,GL,DD,DD,field,normal,0,DD,2,wickets,SS Iyer,YC Barde
50,Mumbai,2017-05-11,KXIP,MI,MI,field,normal,0,KXIP,7,runs,WP Saha,A Deshmukh
51,Delhi,2017-05-12,DD,RPS,DD,bat,normal,0,DD,7,runs,KK Nair,KN Ananthapadmanabhan
52,Kanpur,2017-05-13,GL,SRH,SRH,field,normal,0,SRH,8,wickets,Mohammed Siraj,AK Chaudhary
53,Kolkata,2017-05-13,MI,KKR,KKR,field,normal,0,MI,9,runs,AT Rayudu,A Nand Kishore
54,Pune,2017-05-14,KXIP,RPS,RPS,field,normal,0,RPS,9,wickets,JD Unadkat,AY Dandekar
55,Delhi,2017-05-14,RCB,DD,RCB,bat,normal,0,RCB,10,runs,HV Patel,CK Nandan
56,Mumbai,2017-05-16,RPS,MI,MI,field,normal,0,RPS,20,runs,Washington Sundar,S Ravi
57,Bangalore,2017-05-17,SRH,KKR,KKR,field,normal,1,KKR,7,wickets,NM Coulter-Nile,AK Chaudhary
58,Bangalore,2017-05-19,KKR,MI,MI,field,normal,0,MI,6,wickets,KV Sharma,NJ Llong
59,Hyderabad,2017-05-21,MI,RPS,MI,bat,normal,0,MI,1,runs,KH Pandya,NJ Llong
60,Bangalore,2008-04-18,KKR,RCB,RCB,field,normal,0,KKR,140,runs,BB McCullum,Asad Rauf
61,Chandigarh,2008-04-19,CSK,KXIP,CSK,bat,normal,0,CSK,33,runs,MEK Hussey,MR Benson
62,Delhi,2008-04-19,RR,DD,RR,bat,normal,0,DD,9,wickets,MF Maharoof,Aleem Dar
63,Mumbai,2008-04-20,MI,RCB,MI,bat,normal,0,RCB,5,wickets,MV Boucher,SJ Davis
64,Kolkata,2008-04-20,DC,KKR,DC,bat,normal,0,KKR,5,wickets,DJ Hussey,BF Bowden
65,Jaipur,2008-04-21,KXIP,RR,KXIP,bat,normal,0,RR,6,wickets,SR Watson,Aleem Dar
66,Hyderabad,2008-04-22,DC,DD,DC,bat,normal,0,DD,9,wickets,V Sehwag,IL Howell
67,Chennai,2008-04-23,CSK,MI,MI,field,normal,0,CSK,6,runs,ML Hayden,DJ Harper
68,Hyderabad,2008-04-24,DC,RR,RR,field,normal,0,RR,3,wickets,YK Pathan,Asad Rauf
69,Chandigarh,2008-04-25,KXIP,MI,MI,field,normal,0,KXIP,66,runs,KC Sangakkara,Aleem Dar
70,Bangalore,2008-04-26,RCB,RR,RR,field,normal,0,RR,7,wickets,SR Watson,MR Benson
71,Chennai,2008-04-26,KKR,CSK,KKR,bat,normal,0,CSK,9,wickets,JDP Oram,BF Bowden
72,Mumbai,2008-04-27,MI,DC,DC,field,normal,0,DC,10,wickets,AC Gilchrist,Asad Rauf
73,Chandigarh,2008-04-27,DD,KXIP,DD,bat,normal,0,KXIP,4,wickets,SM Katich,RE Koertzen
74,Bangalore,2008-04-28,CSK,RCB,CSK,bat,normal,0,CSK,13,runs,MS Dhoni,BR Doctrove
75,Kolkata,2008-04-29,KKR,MI,KKR,bat,normal,0,MI,7,wickets,ST Jayasuriya,BF Bowden
76,Delhi,2008-04-30,DD,RCB,RCB,field,normal,0,DD,10,runs,GD McGrath,Aleem Dar
77,Hyderabad,2008-05-01,DC,KXIP,KXIP,field,normal,0,KXIP,7,wickets,SE Marsh,BR Doctrove
78,Jaipur,2008-05-01,RR,KKR,RR,bat,normal,0,RR,45,runs,SA Asnodkar,RE Koertzen
79,Chennai,2008-05-02,CSK,DD,CSK,bat,normal,0,DD,8,wickets,V Sehwag,BF Bowden
80,Hyderabad,2008-05-25,DC,RCB,DC,bat,normal,0,RCB,5,wickets,R Vinay Kumar,Asad Rauf
81,Chandigarh,2008-05-03,KXIP,KKR,KXIP,bat,normal,0,KXIP,9,runs,IK Pathan,DJ Harper
82,Mumbai,2008-05-04,MI,DD,DD,field,normal,0,MI,29,runs,SM Pollock,IL Howell
83,Jaipur,2008-05-04,CSK,RR,CSK,bat,normal,0,RR,8,wickets,Sohail Tanvir,Asad Rauf
84,Bangalore,2008-05-05,RCB,KXIP,KXIP,field,normal,0,KXIP,6,wickets,S Sreesanth,SJ Davis
85,Chennai,2008-05-06,CSK,DC,DC,field,normal,0,DC,7,wickets,AC Gilchrist,MR Benson
86,Mumbai,2008-05-07,RR,MI,MI,field,normal,0,MI,7,wickets,A Nehra,DJ Harper
87,Delhi,2008-05-08,DD,CSK,CSK,field,normal,0,CSK,4,wickets,MS Dhoni,Aleem Dar
88,Kolkata,2008-05-08,KKR,RCB,KKR,bat,normal,0,KKR,5,runs,SC Ganguly,Asad Rauf
89,Jaipur,2008-05-09,DC,RR,RR,field,normal,0,RR,8,wickets,YK Pathan,MR Benson
90,Bangalore,2008-05-28,RCB,MI,MI,field,normal,0,MI,9,wickets,CRD Fernando,BF Bowden
91,Chennai,2008-05-10,CSK,KXIP,KXIP,field,normal,0,CSK,18,runs,L Balaji,AV Jayaprakash
92,Hyderabad,2008-05-11,KKR,DC,KKR,bat,normal,0,KKR,23,runs,SC Ganguly,IL Howell
93,Jaipur,2008-05-11,DD,RR,RR,field,normal,0,RR,3,wickets,SR Watson,SJ Davis
94,Chandigarh,2008-05-12,RCB,KXIP,RCB,bat,normal,0,KXIP,9,wickets,SE Marsh,BR Doctrove
95,Kolkata,2008-05-13,KKR,DD,KKR,bat,normal,0,KKR,23,runs,Shoaib Akhtar,Asad Rauf
96,Mumbai,2008-05-14,CSK,MI,MI,field,normal,0,MI,9,wickets,ST Jayasuriya,BR Doctrove
97,Chandigarh,2008-05-28,KXIP,RR,RR,field,normal,0,KXIP,41,runs,SE Marsh,SJ Davis
98,Delhi,2008-05-15,DD,DC,DC,field,normal,0,DD,12,runs,A Mishra,BG Jerling
99,Mumbai,2008-05-16,KKR,MI,MI,field,normal,0,MI,8,wickets,SM Pollock,BR Doctrove
100,Delhi,2008-05-17,DD,KXIP,DD,bat,normal,1,KXIP,6,runs,DPMD Jayawardene,AV Jayaprakash
101,Jaipur,2008-05-17,RR,RCB,RCB,field,normal,0,RR,65,runs,GC Smith,BF Bowden
102,Hyderabad,2008-05-18,MI,DC,DC,field,normal,0,MI,25,runs,DJ Bravo,BR Doctrove
103,Kolkata,2008-05-18,KKR,CSK,KKR,bat,normal,1,CSK,3,runs,M Ntini,Asad Rauf
104,Bangalore,2008-05-19,RCB,DD,DD,field,normal,0,DD,5,wickets,SP Goswami,SJ Davis
105,Kolkata,2008-05-20,KKR,RR,RR,field,normal,0,RR,6,wickets,YK Pathan,BG Jerling
106,Mumbai,2008-05-21,KXIP,MI,MI,field,normal,0,KXIP,1,runs,SE Marsh,BF Bowden
107,Chennai,2008-05-21,RCB,CSK,RCB,bat,normal,0,RCB,14,runs,A Kumble,DJ Harper
108,Chandigarh,2008-05-23,DC,KXIP,KXIP,field,normal,0,KXIP,6,wickets,SE Marsh,Asad Rauf
109,Delhi,2008-05-24,MI,DD,DD,field,normal,0,DD,5,wickets,KD Karthik,BF Bowden
110,Chennai,2008-05-24,RR,CSK,RR,bat,normal,0,RR,10,runs,JA Morkel,DJ Harper
111,Bangalore,2008-05-03,RCB,DC,DC,field,normal,0,RCB,3,runs,P Kumar,BR Doctrove
112,Kolkata,2008-05-25,KXIP,KKR,KXIP,bat,normal,0,KKR,3,wickets,Umar Gul,SJ Davis
113,Jaipur,2008-05-26,MI,RR,RR,field,normal,0,RR,5,wickets,Sohail Tanvir,BF Bowden
114,Hyderabad,2008-05-27,DC,CSK,DC,bat,normal,0,CSK,7,wickets,SK Raina,BG Jerling
115,Mumbai,2008-05-30,RR,DD,DD,field,normal,0,RR,105,runs,SR Watson,BF Bowden
116,Mumbai,2008-05-31,KXIP,CSK,KXIP,bat,normal,0,CSK,9,wickets,M Ntini,Asad Rauf
117,Mumbai,2008-06-01,CSK,RR,RR,field,normal,0,RR,3,wickets,YK Pathan,BF Bowden
118,Cape Town,2009-04-18,MI,CSK,CSK,field,normal,0,MI,19,runs,SR Tendulkar,BR Doctrove
119,Cape Town,2009-04-18,RCB,RR,RCB,bat,normal,0,RCB,75,runs,R Dravid,BR Doctrove
120,Cape Town,2009-04-19,KXIP,DD,DD,field,normal,1,DD,10,wickets,DL Vettori,MR Benson
121,Cape Town,2009-04-19,KKR,DC,KKR,bat,normal,0,DC,8,wickets,RP Singh,MR Benson
122,Port Elizabeth,2009-04-20,CSK,RCB,CSK,bat,normal,0,CSK,92,runs,M Muralitharan,BG Jerling
123,Durban,2009-04-21,KXIP,KKR,KKR,field,normal,1,KKR,11,runs,CH Gayle,DJ Harper
124,Cape Town,2009-04-22,DC,RCB,DC,bat,normal,0,DC,24,runs,AC Gilchrist,M Erasmus
125,Durban,2009-04-23,DD,CSK,DD,bat,normal,0,DD,9,runs,AB de Villiers,BR Doctrove
126,Cape Town,2009-04-23,RR,KKR,KKR,field,tie,0,RR,0,,YK Pathan,MR Benson
127,Durban,2009-04-24,RCB,KXIP,RCB,bat,normal,0,KXIP,7,wickets,RS Bopara,BR Doctrove
128,Durban,2009-04-25,DC,MI,DC,bat,normal,0,DC,12,runs,PP Ojha,HDPK Dharmasena
129,Port Elizabeth,2009-04-26,RCB,DD,RCB,bat,normal,0,DD,6,wickets,TM Dilshan,S Asnani
130,Cape Town,2009-04-26,KXIP,RR,KXIP,bat,normal,0,KXIP,27,runs,KC Sangakkara,M Erasmus
131,Durban,2009-04-27,CSK,DC,DC,field,normal,0,DC,6,wickets,HH Gibbs,IL Howell
132,Port Elizabeth,2009-04-27,MI,KKR,MI,bat,normal,0,MI,92,runs,SR Tendulkar,BG Jerling
133,Centurion,2009-04-28,DD,RR,DD,bat,normal,0,RR,5,wickets,YK Pathan,GAV Baxter
134,Durban,2009-04-29,KKR,RCB,KKR,bat,normal,0,RCB,5,wickets,MV Boucher,MR Benson
135,Durban,2009-04-29,KXIP,MI,KXIP,bat,normal,0,KXIP,3,runs,KC Sangakkara,MR Benson
136,Centurion,2009-04-30,DC,DD,DD,field,normal,0,DD,6,wickets,DP Nannes,GAV Baxter
137,Centurion,2009-04-30,CSK,RR,RR,field,normal,0,CSK,38,runs,SK Raina,GAV Baxter
138,East London,2009-05-01,MI,KKR,MI,bat,normal,0,MI,9,runs,JP Duminy,M Erasmus
139,Durban,2009-05-01,RCB,KXIP,RCB,bat,normal,0,RCB,8,runs,Yuvraj Singh,HDPK Dharmasena
140,Port Elizabeth,2009-05-02,DC,RR,DC,bat,normal,0,RR,3,wickets,YK Pathan,S Asnani
141,Johannesburg,2009-05-02,CSK,DD,DD,field,normal,0,CSK,18,runs,SB Jakati,DJ Harper
142,Port Elizabeth,2009-05-03,KKR,KXIP,KKR,bat,normal,0,KXIP,6,wickets,DPMD Jayawardene,S Asnani
143,Johannesburg,2009-05-03,MI,RCB,MI,bat,normal,0,RCB,9,wickets,JH Kallis,RE Koertzen
144,East London,2009-05-04,CSK,DC,CSK,bat,normal,0,CSK,78,runs,MS Dhoni,BR Doctrove
145,Durban,2009-05-05,RR,KXIP,KXIP,field,normal,0,RR,78,runs,GC Smith,SS Hazare
146,Durban,2009-05-05,KKR,DD,KKR,bat,normal,0,DD,9,wickets,G Gambhir,GAV Baxter
147,Centurion,2009-05-06,DC,MI,DC,bat,normal,0,DC,19,runs,RG Sharma,MR Benson
148,Centurion,2009-05-07,RCB,RR,RR,field,normal,0,RR,7,wickets,A Singh,K Hariharan
149,Centurion,2009-05-07,CSK,KXIP,CSK,bat,normal,1,CSK,12,runs,ML Hayden,DJ Harper
150,East London,2009-05-08,MI,DD,MI,bat,normal,0,DD,7,wickets,A Nehra,M Erasmus
151,Kimberley,2009-05-09,DC,KXIP,KXIP,field,normal,0,KXIP,3,wickets,DPMD Jayawardene,GAV Baxter
152,Kimberley,2009-05-09,RR,CSK,RR,bat,normal,0,CSK,7,wickets,S Badrinath,GAV Baxter
153,Port Elizabeth,2009-05-10,MI,RCB,MI,bat,normal,0,MI,16,runs,JP Duminy,BR Doctrove
154,Johannesburg,2009-05-10,KKR,DD,DD,field,normal,0,DD,7,wickets,A Mishra,SL Shastri
155,Kimberley,2009-05-11,DC,RR,DC,bat,normal,0,DC,53,runs,DR Smith,GAV Baxter
156,Centurion,2009-05-12,KKR,RCB,RCB,field,normal,0,RCB,6,wickets,LRPL Taylor,M Erasmus
157,Centurion,2009-05-12,KXIP,MI,KXIP,bat,normal,0,MI,8,wickets,Harbhajan Singh,SS Hazare
158,Durban,2009-05-13,DD,DC,DC,field,normal,0,DD,12,runs,R Bhatia,DJ Harper
159,Durban,2009-05-14,CSK,RCB,CSK,bat,normal,0,RCB,2,wickets,LRPL Taylor,BR Doctrove
160,Durban,2009-05-14,RR,MI,RR,bat,normal,0,RR,2,runs,SK Warne,BR Doctrove
161,Bloemfontein,2009-05-15,DD,KXIP,KXIP,field,normal,0,KXIP,6,wickets,B Lee,HDPK Dharmasena
162,Port Elizabeth,2009-05-16,MI,CSK,MI,bat,normal,0,CSK,7,wickets,ML Hayden,SK Tarapore
163,Johannesburg,2009-05-16,KKR,DC,DC,field,normal,0,DC,6,wickets,RG Sharma,RE Koertzen
164,Johannesburg,2009-05-17,KXIP,DC,DC,field,normal,0,KXIP,1,runs,Yuvraj Singh,S Ravi
165,Bloemfontein,2009-05-17,DD,RR,DD,bat,normal,0,DD,14,runs,AB de Villiers,SS Hazare
166,Centurion,2009-05-18,CSK,KKR,CSK,bat,normal,0,KKR,7,wickets,BJ Hodge,SJA Taufel
167,Johannesburg,2009-05-19,DD,RCB,DD,bat,normal,0,RCB,7,wickets,JH Kallis,IL Howell
168,Durban,2009-05-20,RR,KKR,KKR,field,normal,0,KKR,4,wickets,LR Shukla,BG Jerling
169,Durban,2009-05-20,CSK,KXIP,CSK,bat,normal,0,CSK,24,runs,M Muralitharan,BG Jerling
170,Centurion,2009-05-21,MI,DD,DD,field,normal,0,DD,4,wickets,V Sehwag,IL Howell
171,Centurion,2009-05-21,RCB,DC,RCB,bat,normal,0,RCB,12,runs,MK Pandey,IL Howell
172,Centurion,2009-05-22,DD,DC,DC,field,normal,0,DC,6,wickets,AC Gilchrist,BR Doctrove
173,Johannesburg,2009-05-23,CSK,RCB,RCB,field,normal,0,RCB,6,wickets,MK Pandey,RE Koertzen
174,Johannesburg,2009-05-24,DC,RCB,RCB,field,normal,0,DC,6,runs,A Kumble,RE Koertzen
175,Mumbai,2010-03-12,KKR,DC,DC,field,normal,0,KKR,11,runs,AD Mathews,RE Koertzen
176,Mumbai,2010-03-13,MI,RR,MI,bat,normal,0,MI,4,runs,YK Pathan,RE Koertzen
177,Chandigarh,2010-03-13,KXIP,DD,DD,field,normal,0,DD,5,wickets,G Gambhir,BR Doctrove
178,Kolkata,2010-03-14,RCB,KKR,KKR,field,normal,0,KKR,7,wickets,MK Tiwary,HDPK Dharmasena
179,Chennai,2010-03-14,DC,CSK,DC,bat,normal,0,DC,31,runs,WPUJC Vaas,K Hariharan
180,Ahmedabad,2010-03-15,RR,DD,DD,field,normal,0,DD,6,wickets,V Sehwag,BG Jerling
181,Bangalore,2010-03-16,KXIP,RCB,KXIP,bat,normal,0,RCB,8,wickets,JH Kallis,S Das
182,Kolkata,2010-03-16,CSK,KKR,CSK,bat,normal,0,CSK,55,runs,MS Dhoni,HDPK Dharmasena
183,Delhi,2010-03-17,MI,DD,DD,field,normal,0,MI,98,runs,SR Tendulkar,BR Doctrove
184,Bangalore,2010-03-18,RR,RCB,RCB,field,normal,0,RCB,10,wickets,JH Kallis,K Hariharan
185,Delhi,2010-03-19,DD,CSK,DD,bat,normal,0,CSK,5,wickets,ML Hayden,BR Doctrove
186,Cuttack,2010-03-19,DC,KXIP,KXIP,field,normal,0,DC,6,runs,A Symonds,BF Bowden
187,Ahmedabad,2010-03-20,RR,KKR,RR,bat,normal,0,RR,34,runs,AA Jhunjhunwala,RE Koertzen
188,Mumbai,2010-03-20,MI,RCB,MI,bat,normal,0,RCB,7,wickets,JH Kallis,HDPK Dharmasena
189,Cuttack,2010-03-21,DC,DD,DC,bat,normal,0,DC,10,runs,A Symonds,BF Bowden
190,Chennai,2010-03-21,KXIP,CSK,CSK,field,tie,0,KXIP,0,,J Theron,K Hariharan
191,Mumbai,2010-03-22,KKR,MI,KKR,bat,normal,0,MI,7,wickets,SR Tendulkar,SS Hazare
192,Bangalore,2010-03-23,RCB,CSK,CSK,field,normal,0,RCB,36,runs,RV Uthappa,RE Koertzen
193,Chandigarh,2010-03-24,RR,KXIP,KXIP,field,normal,0,RR,31,runs,AC Voges,BR Doctrove
194,Mumbai,2010-03-25,CSK,MI,MI,field,normal,0,MI,5,wickets,SR Tendulkar,BF Bowden
195,Ahmedabad,2010-03-26,DC,RR,DC,bat,normal,0,RR,8,wickets,YK Pathan,HDPK Dharmasena
196,Chandigarh,2010-03-27,KKR,KXIP,KKR,bat,normal,0,KKR,39,runs,MK Tiwary,BR Doctrove
197,Bangalore,2010-03-25,DD,RCB,RCB,field,normal,0,DD,17,runs,KM Jadhav,BG Jerling
198,Ahmedabad,2010-03-28,RR,CSK,RR,bat,normal,0,RR,17,runs,NV Ojha,SS Hazare
199,Mumbai,2010-03-28,MI,DC,DC,field,normal,0,MI,41,runs,Harbhajan Singh,S Das
200,Delhi,2010-03-29,DD,KKR,DD,bat,normal,0,DD,40,runs,DA Warner,SS Hazare
201,Mumbai,2010-03-30,KXIP,MI,MI,field,normal,0,MI,4,wickets,SL Malinga,BR Doctrove
202,Chennai,2010-03-31,RCB,CSK,RCB,bat,normal,0,CSK,5,wickets,M Vijay,BG Jerling
203,Delhi,2010-03-31,DD,RR,DD,bat,normal,0,DD,67,runs,KD Karthik,HDPK Dharmasena
204,Kolkata,2010-04-01,KKR,DC,KKR,bat,normal,0,KKR,24,runs,SC Ganguly,K Hariharan
205,Chandigarh,2010-04-02,KXIP,RCB,KXIP,bat,normal,0,RCB,6,wickets,KP Pietersen,BF Bowden
206,Chennai,2010-04-03,CSK,RR,CSK,bat,normal,0,CSK,23,runs,M Vijay,RE Koertzen
207,Mumbai,2010-04-03,MI,DC,MI,bat,normal,0,MI,63,runs,AT Rayudu,BR Doctrove
208,Kolkata,2010-04-04,KKR,KXIP,KKR,bat,normal,0,KXIP,8,wickets,DPMD Jayawardene,S Asnani
209,Delhi,2010-04-04,DD,RCB,DD,bat,normal,0,DD,37,runs,PD Collingwood,BF Bowden
210,Nagpur,2010-04-05,RR,DC,RR,bat,normal,0,RR,2,runs,SK Warne,HDPK Dharmasena
211,Chennai,2010-04-06,CSK,MI,CSK,bat,normal,0,CSK,24,runs,SK Raina,S Asnani
212,Jaipur,2010-04-07,KXIP,RR,KXIP,bat,normal,0,RR,9,wickets,MJ Lumb,S Ravi
213,Kolkata,2010-04-07,KKR,DD,KKR,bat,normal,0,KKR,14,runs,SC Ganguly,BG Jerling
214,Bangalore,2010-04-08,RCB,DC,DC,field,normal,0,DC,7,wickets,TL Suman,S Asnani
215,Chandigarh,2010-04-09,MI,KXIP,MI,bat,normal,0,KXIP,6,wickets,KC Sangakkara,M Erasmus
216,Nagpur,2010-04-10,CSK,DC,CSK,bat,normal,0,DC,6,wickets,RJ Harris,HDPK Dharmasena
217,Bangalore,2010-04-10,KKR,RCB,RCB,field,normal,0,RCB,7,wickets,R Vinay Kumar,K Hariharan
218,Delhi,2010-04-11,DD,KXIP,DD,bat,normal,0,KXIP,7,wickets,PP Chawla,BF Bowden
219,Jaipur,2010-04-11,MI,RR,RR,field,normal,0,MI,37,runs,SR Tendulkar,BR Doctrove
220,Nagpur,2010-04-12,DC,RCB,RCB,field,normal,0,DC,13,runs,Harmeet Singh,RE Koertzen
221,Mumbai,2010-04-13,MI,DD,MI,bat,normal,0,MI,39,runs,KA Pollard,S Asnani
222,Chennai,2010-04-13,KKR,CSK,KKR,bat,normal,0,CSK,9,wickets,R Ashwin,SS Hazare
223,Jaipur,2010-04-14,RR,RCB,RR,bat,normal,0,RCB,5,wickets,KP Pietersen,BR Doctrove
224,Chennai,2010-04-15,CSK,DD,CSK,bat,normal,0,DD,6,wickets,G Gambhir,HDPK Dharmasena
225,Dharamsala,2010-04-16,KXIP,DC,DC,field,normal,0,DC,5,wickets,RG Sharma,M Erasmus
226,Bangalore,2010-04-17,MI,RCB,RCB,field,normal,0,MI,57,runs,R McLaren,HDPK Dharmasena
227,Kolkata,2010-04-17,RR,KKR,RR,bat,normal,0,KKR,8,wickets,JD Unadkat,BG Jerling
228,Dharamsala,2010-04-18,KXIP,CSK,CSK,field,normal,0,CSK,6,wickets,MS Dhoni,BF Bowden
229,Delhi,2010-04-18,DC,DD,DC,bat,normal,0,DC,11,runs,A Symonds,BR Doctrove
230,Kolkata,2010-04-19,MI,KKR,MI,bat,normal,0,KKR,9,wickets,M Kartik,BG Jerling
231,Mumbai,2010-04-21,MI,RCB,MI,bat,normal,0,MI,35,runs,KA Pollard,BR Doctrove
232,Mumbai,2010-04-22,CSK,DC,CSK,bat,normal,0,CSK,38,runs,DE Bollinger,BR Doctrove
233,Mumbai,2010-04-24,DC,RCB,DC,bat,normal,0,RCB,9,wickets,A Kumble,RE Koertzen
234,Mumbai,2010-04-25,CSK,MI,CSK,bat,normal,0,CSK,22,runs,SK Raina,RE Koertzen
235,Chennai,2011-04-08,CSK,KKR,CSK,bat,normal,0,CSK,2,runs,S Anirudha,BR Doctrove
236,Hyderabad,2011-04-09,DC,RR,RR,field,normal,0,RR,8,wickets,SK Trivedi,RE Koertzen
237,Kochi,2011-04-09,KTK,RCB,KTK,bat,normal,0,RCB,6,wickets,AB de Villiers,HDPK Dharmasena
238,Delhi,2011-04-10,DD,MI,DD,bat,normal,0,MI,8,wickets,SL Malinga,AM Saheba
239,Mumbai,2011-04-10,KXIP,PWI,KXIP,bat,normal,0,PWI,7,wickets,SB Wagh,BR Doctrove
240,Kolkata,2011-04-11,KKR,DC,KKR,bat,normal,0,KKR,9,runs,JH Kallis,RE Koertzen
241,Jaipur,2011-04-12,DD,RR,DD,bat,normal,0,RR,6,wickets,SK Warne,Aleem Dar
242,Bangalore,2011-04-12,RCB,MI,MI,field,normal,0,MI,9,wickets,SR Tendulkar,HDPK Dharmasena
243,Chandigarh,2011-04-13,CSK,KXIP,KXIP,field,normal,0,KXIP,6,wickets,PC Valthaty,Asad Rauf
244,Mumbai,2011-04-13,KTK,PWI,KTK,bat,normal,0,PWI,4,wickets,MD Mishra,S Asnani
245,Hyderabad,2011-04-14,DC,RCB,RCB,field,normal,0,DC,33,runs,DW Steyn,RE Koertzen
246,Jaipur,2011-04-15,RR,KKR,KKR,field,normal,0,KKR,9,wickets,G Gambhir,Aleem Dar
247,Mumbai,2011-04-15,MI,KTK,KTK,field,normal,0,KTK,8,wickets,BB McCullum,BR Doctrove
248,Chennai,2011-04-16,CSK,RCB,CSK,bat,normal,0,CSK,21,runs,MEK Hussey,HDPK Dharmasena
249,Hyderabad,2011-04-16,DC,KXIP,KXIP,field,normal,0,KXIP,8,wickets,PC Valthaty,RE Koertzen
250,Mumbai,2011-04-17,PWI,DD,DD,field,normal,0,DD,3,wickets,Yuvraj Singh,Asad Rauf
251,Kolkata,2011-04-17,RR,KKR,KKR,field,normal,0,KKR,8,wickets,L Balaji,Aleem Dar
252,Kochi,2011-04-18,CSK,KTK,KTK,field,normal,1,KTK,7,wickets,BB McCullum,K Hariharan
253,Delhi,2011-04-19,DC,DD,DC,bat,normal,0,DC,16,runs,S Sohal,PR Reiffel
254,Mumbai,2011-04-20,PWI,MI,PWI,bat,normal,0,MI,7,wickets,MM Patel,Asad Rauf
255,Kolkata,2011-04-20,KTK,KKR,KKR,field,normal,0,KTK,6,runs,DPMD Jayawardene,Aleem Dar
256,Chandigarh,2011-04-21,KXIP,RR,RR,field,normal,0,KXIP,48,runs,SE Marsh,S Asnani
257,Mumbai,2011-04-22,MI,CSK,CSK,field,normal,0,MI,8,runs,Harbhajan Singh,Asad Rauf
258,Kolkata,2011-04-22,KKR,RCB,RCB,field,normal,0,RCB,9,wickets,CH Gayle,SS Hazare
259,Delhi,2011-04-23,DD,KXIP,KXIP,field,normal,0,DD,29,runs,DA Warner,S Asnani
260,Hyderabad,2011-04-24,MI,DC,DC,field,normal,0,MI,37,runs,SL Malinga,HDPK Dharmasena
261,Jaipur,2011-04-24,KTK,RR,RR,field,normal,0,RR,8,wickets,SK Warne,BR Doctrove
262,Chennai,2011-04-25,CSK,PWI,PWI,field,normal,0,CSK,25,runs,MEK Hussey,Aleem Dar
263,Delhi,2011-04-26,DD,RCB,RCB,field,normal,0,RCB,3,wickets,V Kohli,S Asnani
264,Mumbai,2011-04-27,PWI,CSK,PWI,bat,normal,0,CSK,8,wickets,DE Bollinger,Asad Rauf
265,Kochi,2011-04-27,DC,KTK,KTK,field,normal,0,DC,55,runs,I Sharma,HDPK Dharmasena
266,Delhi,2011-04-28,KKR,DD,DD,field,normal,0,KKR,17,runs,MK Tiwary,PR Reiffel
267,Jaipur,2011-04-29,MI,RR,RR,field,normal,0,RR,7,wickets,J Botha,Asad Rauf
268,Bangalore,2011-04-29,RCB,PWI,PWI,field,normal,0,RCB,26,runs,V Kohli,Aleem Dar
269,Kochi,2011-04-30,DD,KTK,DD,bat,normal,0,DD,38,runs,V Sehwag,HDPK Dharmasena
270,Kolkata,2011-04-30,KXIP,KKR,KKR,field,normal,0,KKR,8,wickets,Iqbal Abdulla,AM Saheba
271,Jaipur,2011-05-01,PWI,RR,RR,field,normal,0,RR,6,wickets,LRPL Taylor,SK Tarapore
272,Chennai,2011-05-01,CSK,DC,CSK,bat,normal,0,CSK,19,runs,JA Morkel,Aleem Dar
273,Mumbai,2011-05-02,MI,KXIP,KXIP,field,normal,0,MI,23,runs,KA Pollard,HDPK Dharmasena
274,Delhi,2011-05-02,DD,KTK,KTK,field,normal,0,KTK,7,wickets,P Parameswaran,Asad Rauf
275,Hyderabad,2011-05-03,KKR,DC,DC,field,normal,0,KKR,20,runs,YK Pathan,S Asnani
276,Chennai,2011-05-04,RR,CSK,RR,bat,normal,0,CSK,8,wickets,MEK Hussey,SS Hazare
277,Mumbai,2011-05-04,MI,PWI,PWI,field,normal,0,MI,21,runs,R Sharma,HDPK Dharmasena
278,Kochi,2011-05-05,KTK,KKR,KKR,field,normal,0,KTK,17,runs,BJ Hodge,S Ravi
279,Hyderabad,2011-05-05,DC,DD,DD,field,normal,0,DD,4,wickets,V Sehwag,Asad Rauf
280,Bangalore,2011-05-06,RCB,KXIP,KXIP,field,normal,0,RCB,85,runs,CH Gayle,Aleem Dar
281,Kolkata,2011-05-07,CSK,KKR,CSK,bat,normal,1,KKR,10,runs,Iqbal Abdulla,Asad Rauf
282,Mumbai,2011-05-07,MI,DD,DD,field,normal,0,MI,32,runs,AT Rayudu,K Hariharan
283,Bangalore,2011-05-08,KTK,RCB,KTK,bat,normal,0,RCB,9,wickets,CH Gayle,Aleem Dar
284,Chandigarh,2011-05-08,KXIP,PWI,KXIP,bat,normal,0,PWI,5,wickets,R Sharma,SK Tarapore
285,Jaipur,2011-05-09,CSK,RR,RR,field,normal,0,CSK,63,runs,M Vijay,K Hariharan
286,Hyderabad,2011-05-10,DC,PWI,DC,bat,normal,0,PWI,6,wickets,MR Marsh,Asad Rauf
287,Chandigarh,2011-05-10,KXIP,MI,MI,field,normal,0,KXIP,76,runs,BA Bhatt,SK Tarapore
288,Jaipur,2011-05-11,RR,RCB,RCB,field,normal,0,RCB,9,wickets,S Aravind,HDPK Dharmasena
289,Chennai,2011-05-12,CSK,DD,CSK,bat,normal,0,CSK,18,runs,MS Dhoni,AM Saheba
290,Indore,2011-05-13,KTK,KXIP,KXIP,field,normal,0,KXIP,6,wickets,KD Karthik,S Asnani
291,Bangalore,2011-05-14,KKR,RCB,RCB,field,normal,1,RCB,4,wickets,CH Gayle,RE Koertzen
292,Mumbai,2011-05-14,DC,MI,DC,bat,normal,0,DC,10,runs,A Mishra,S Ravi
293,Dharamsala,2011-05-15,KXIP,DD,DD,field,normal,0,KXIP,29,runs,PP Chawla,Asad Rauf
294,Indore,2011-05-15,RR,KTK,KTK,field,normal,0,KTK,8,wickets,BJ Hodge,PR Reiffel
295,Mumbai,2011-05-16,PWI,DC,DC,field,normal,0,DC,6,wickets,A Mishra,S Ravi
296,Dharamsala,2011-05-17,KXIP,RCB,KXIP,bat,normal,0,KXIP,111,runs,AC Gilchrist,Asad Rauf
297,Chennai,2011-05-18,CSK,KTK,CSK,bat,normal,0,CSK,11,runs,WP Saha,HDPK Dharmasena
298,Mumbai,2011-05-19,PWI,KKR,KKR,field,normal,0,KKR,7,wickets,YK Pathan,S Ravi
299,Mumbai,2011-05-20,MI,RR,MI,bat,normal,0,RR,10,wickets,SR Watson,RE Koertzen
300,Dharamsala,2011-05-21,DC,KXIP,KXIP,field,normal,0,DC,82,runs,S Dhawan,Asad Rauf
301,Delhi,2011-05-21,DD,PWI,DD,bat,no result,0,,0,,,SS Hazare
302,Bangalore,2011-05-22,CSK,RCB,RCB,field,normal,0,RCB,8,wickets,CH Gayle,K Hariharan
303,Kolkata,2011-05-22,KKR,MI,MI,field,normal,0,MI,5,wickets,JEC Franklin,SK Tarapore
304,Mumbai,2011-05-24,RCB,CSK,CSK,field,normal,0,CSK,6,wickets,SK Raina,Asad Rauf
305,Mumbai,2011-05-25,KKR,MI,MI,field,normal,0,MI,4,wickets,MM Patel,Asad Rauf
306,Chennai,2011-05-27,RCB,MI,MI,field,normal,0,RCB,43,runs,CH Gayle,Asad Rauf
307,Chennai,2011-05-28,CSK,RCB,CSK,bat,normal,0,CSK,58,runs,M Vijay,Asad Rauf
308,Chennai,2012-04-04,CSK,MI,MI,field,normal,0,MI,8,wickets,RE Levi,JD Cloete
309,Kolkata,2012-04-05,KKR,DD,DD,field,normal,0,DD,8,wickets,IK Pathan,S Asnani
310,Mumbai,2012-04-06,PWI,MI,MI,field,normal,0,PWI,28,runs,SPD Smith,AK Chaudhary
311,Jaipur,2012-04-06,RR,KXIP,KXIP,field,normal,0,RR,31,runs,AM Rahane,BF Bowden
312,Bangalore,2012-04-07,RCB,DD,DD,field,normal,0,RCB,20,runs,AB de Villiers,S Asnani
313,Visakhapatnam,2012-04-07,CSK,DC,DC,field,normal,0,CSK,74,runs,RA Jadeja,JD Cloete
314,Jaipur,2012-04-08,RR,KKR,KKR,field,normal,0,RR,22,runs,BJ Hodge,BF Bowden
315,Pune,2012-04-08,PWI,KXIP,PWI,bat,normal,0,PWI,22,runs,MN Samuels,S Das
316,Visakhapatnam,2012-04-09,DC,MI,DC,bat,normal,0,MI,5,wickets,RG Sharma,AK Chaudhary
317,Bangalore,2012-04-10,KKR,RCB,RCB,field,normal,0,KKR,42,runs,L Balaji,S Ravi
318,Delhi,2012-04-10,CSK,DD,DD,field,normal,0,DD,8,wickets,M Morkel,Asad Rauf
319,Mumbai,2012-04-11,MI,RR,RR,field,normal,0,MI,27,runs,KA Pollard,Aleem Dar
320,Chennai,2012-04-12,RCB,CSK,RCB,bat,normal,0,CSK,5,wickets,F du Plessis,HDPK Dharmasena
321,Chandigarh,2012-04-12,PWI,KXIP,KXIP,field,normal,0,KXIP,7,wickets,AD Mascarenhas,VA Kulkarni
322,Kolkata,2012-04-13,RR,KKR,RR,bat,normal,0,KKR,5,wickets,Shakib Al Hasan,Asad Rauf
323,Delhi,2012-04-19,DC,DD,DC,bat,normal,0,DD,5,wickets,KP Pietersen,BF Bowden
324,Pune,2012-04-14,CSK,PWI,CSK,bat,normal,0,PWI,7,wickets,JD Ryder,Aleem Dar
325,Kolkata,2012-04-15,KXIP,KKR,KKR,field,normal,0,KXIP,2,runs,SP Narine,Asad Rauf
326,Bangalore,2012-04-15,RR,RCB,RR,bat,normal,0,RR,59,runs,AM Rahane,JD Cloete
327,Mumbai,2012-04-16,MI,DD,DD,field,normal,0,DD,7,wickets,S Nadeem,BF Bowden
328,Jaipur,2012-04-17,DC,RR,DC,bat,normal,0,RR,5,wickets,BJ Hodge,Aleem Dar
329,Bangalore,2012-04-17,PWI,RCB,PWI,bat,normal,0,RCB,6,wickets,CH Gayle,S Asnani
330,Chandigarh,2012-04-18,KXIP,KKR,KXIP,bat,normal,0,KKR,8,wickets,G Gambhir,JD Cloete
331,Hyderabad,2012-05-10,DC,DD,DC,bat,normal,0,DD,9,wickets,DA Warner,JD Cloete
332,Chennai,2012-04-19,CSK,PWI,PWI,field,normal,0,CSK,13,runs,KMDN Kulasekara,Asad Rauf
333,Chandigarh,2012-04-20,KXIP,RCB,RCB,field,normal,0,RCB,5,wickets,CH Gayle,S Ravi
334,Chennai,2012-04-21,RR,CSK,RR,bat,normal,0,CSK,7,wickets,F du Plessis,Aleem Dar
335,Delhi,2012-04-21,PWI,DD,DD,field,normal,0,PWI,20,runs,SC Ganguly,Asad Rauf
336,Mumbai,2012-04-22,MI,KXIP,MI,bat,normal,0,KXIP,6,wickets,SE Marsh,S Ravi
337,Cuttack,2012-04-22,DC,KKR,KKR,field,normal,0,KKR,5,wickets,B Lee,BF Bowden
338,Jaipur,2012-04-23,RCB,RR,RR,field,normal,0,RCB,46,runs,AB de Villiers,Asad Rauf
339,Pune,2012-04-24,PWI,DD,PWI,bat,normal,0,DD,8,wickets,V Sehwag,S Ravi
340,Chandigarh,2012-04-25,KXIP,MI,KXIP,bat,normal,0,MI,4,wickets,AT Rayudu,Aleem Dar
341,Pune,2012-04-26,DC,PWI,DC,bat,normal,0,DC,18,runs,CL White,S Ravi
342,Delhi,2012-04-27,DD,MI,MI,field,normal,0,DD,37,runs,V Sehwag,Aleem Dar
343,Chennai,2012-04-28,KXIP,CSK,KXIP,bat,normal,0,KXIP,7,runs,Mandeep Singh,BF Bowden
344,Kolkata,2012-04-28,KKR,RCB,KKR,bat,normal,0,KKR,47,runs,G Gambhir,Asad Rauf
345,Delhi,2012-04-29,DD,RR,DD,bat,normal,0,DD,1,runs,V Sehwag,S Ravi
346,Mumbai,2012-04-29,DC,MI,MI,field,normal,0,MI,5,wickets,DW Steyn,AK Chaudhary
347,Chennai,2012-04-30,CSK,KKR,CSK,bat,normal,0,KKR,5,wickets,G Gambhir,BF Bowden
348,Cuttack,2012-05-01,DC,PWI,DC,bat,normal,0,DC,13,runs,KC Sangakkara,Aleem Dar
349,Jaipur,2012-05-01,RR,DD,RR,bat,normal,0,DD,6,wickets,P Negi,JD Cloete
350,Bangalore,2012-05-02,RCB,KXIP,KXIP,field,normal,0,KXIP,4,wickets,Azhar Mahmood,BF Bowden
351,Pune,2012-05-03,MI,PWI,MI,bat,normal,0,MI,1,runs,SL Malinga,Asad Rauf
352,Chennai,2012-05-04,CSK,DC,CSK,bat,normal,0,CSK,10,runs,SK Raina,HDPK Dharmasena
353,Kolkata,2012-05-05,KKR,PWI,KKR,bat,normal,0,KKR,7,runs,SP Narine,BF Bowden
354,Chandigarh,2012-05-05,RR,KXIP,RR,bat,normal,0,RR,43,runs,SR Watson,JD Cloete
355,Mumbai,2012-05-06,CSK,MI,MI,field,normal,0,MI,2,wickets,DR Smith,Asad Rauf
356,Bangalore,2012-05-06,DC,RCB,RCB,field,normal,0,RCB,5,wickets,AB de Villiers,HDPK Dharmasena
357,Delhi,2012-05-07,DD,KKR,DD,bat,normal,0,KKR,6,wickets,JH Kallis,JD Cloete
358,Pune,2012-05-08,PWI,RR,PWI,bat,normal,0,RR,7,wickets,SR Watson,Asad Rauf
359,Hyderabad,2012-05-08,KXIP,DC,DC,field,normal,0,KXIP,25,runs,Mandeep Singh,HDPK Dharmasena
360,Mumbai,2012-05-09,MI,RCB,RCB,field,normal,0,RCB,9,wickets,CH Gayle,BF Bowden
361,Jaipur,2012-05-10,RR,CSK,CSK,field,normal,0,CSK,4,wickets,BW Hilfenhaus,BNJ Oxenford
362,Pune,2012-05-11,RCB,PWI,PWI,field,normal,0,RCB,35,runs,CH Gayle,BF Bowden
363,Kolkata,2012-05-12,MI,KKR,MI,bat,normal,0,MI,27,runs,RG Sharma,S Ravi
364,Chennai,2012-05-12,DD,CSK,CSK,field,normal,0,CSK,9,wickets,BW Hilfenhaus,S Das
365,Jaipur,2012-05-13,RR,PWI,RR,bat,normal,0,RR,45,runs,A Chandila,BF Bowden
366,Chandigarh,2012-05-13,DC,KXIP,DC,bat,normal,0,KXIP,4,wickets,DJ Hussey,HDPK Dharmasena
367,Bangalore,2012-05-14,RCB,MI,MI,field,normal,0,MI,5,wickets,AT Rayudu,S Das
368,Kolkata,2012-05-14,KKR,CSK,CSK,field,normal,0,CSK,5,wickets,MEK Hussey,JD Cloete
369,Delhi,2012-05-15,KXIP,DD,KXIP,bat,normal,0,DD,5,wickets,UT Yadav,HDPK Dharmasena
370,Mumbai,2012-05-16,KKR,MI,MI,field,normal,0,KKR,32,runs,SP Narine,S Das
371,Dharamsala,2012-05-17,CSK,KXIP,KXIP,field,normal,0,KXIP,6,wickets,AC Gilchrist,VA Kulkarni
372,Delhi,2012-05-17,RCB,DD,DD,field,normal,0,RCB,21,runs,CH Gayle,HDPK Dharmasena
373,Hyderabad,2012-05-18,RR,DC,RR,bat,normal,0,DC,5,wickets,DW Steyn,S Ravi
374,Dharamsala,2012-05-19,KXIP,DD,DD,field,normal,0,DD,6,wickets,UT Yadav,BF Bowden
375,Pune,2012-05-19,KKR,PWI,KKR,bat,normal,0,KKR,34,runs,Shakib Al Hasan,S Asnani
376,Hyderabad,2012-05-20,DC,RCB,RCB,field,normal,0,DC,9,runs,DW Steyn,S Ravi
377,Jaipur,2012-05-20,RR,MI,RR,bat,normal,0,MI,10,wickets,DR Smith,HDPK Dharmasena
378,Pune,2012-05-22,KKR,DD,KKR,bat,normal,0,KKR,18,runs,YK Pathan,BR Doctrove
379,Bangalore,2012-05-23,CSK,MI,MI,field,normal,0,CSK,38,runs,MS Dhoni,BF Bowden
380,Chennai,2012-05-25,CSK,DD,DD,field,normal,0,CSK,86,runs,M Vijay,BR Doctrove
381,Chennai,2012-05-27,CSK,KKR,CSK,bat,normal,0,KKR,5,wickets,MS Bisla,BF Bowden
382,Kolkata,2013-04-03,DD,KKR,KKR,field,normal,0,KKR,6,wickets,SP Narine,S Ravi
383,Bangalore,2013-04-04,RCB,MI,MI,field,normal,0,RCB,2,runs,CH Gayle,VA Kulkarni
384,Hyderabad,2013-04-05,SRH,PWI,PWI,field,normal,0,SRH,22,runs,A Mishra,S Ravi
385,Delhi,2013-04-06,RR,DD,RR,bat,normal,0,RR,5,runs,R Dravid,S Das
386,Chennai,2013-04-06,MI,CSK,MI,bat,normal,0,MI,9,runs,KA Pollard,M Erasmus
387,Pune,2013-04-07,PWI,KXIP,PWI,bat,normal,0,KXIP,8,wickets,M Vohra,S Asnani
388,Hyderabad,2013-04-07,RCB,SRH,RCB,bat,tie,0,SRH,0,,GH Vihari,AK Chaudhary
389,Jaipur,2013-04-08,RR,KKR,KKR,field,normal,0,RR,19,runs,SK Trivedi,Aleem Dar
390,Mumbai,2013-04-09,MI,DD,MI,bat,normal,0,MI,44,runs,KD Karthik,M Erasmus
391,Chandigarh,2013-04-10,KXIP,CSK,CSK,field,normal,0,CSK,10,wickets,MEK Hussey,Aleem Dar
392,Bangalore,2013-04-11,KKR,RCB,RCB,field,normal,0,RCB,8,wickets,CH Gayle,Asad Rauf
393,Pune,2013-04-11,RR,PWI,RR,bat,normal,0,PWI,7,wickets,AJ Finch,M Erasmus
394,Delhi,2013-04-12,DD,SRH,DD,bat,normal,0,SRH,3,wickets,A Mishra,Aleem Dar
395,Mumbai,2013-04-13,MI,PWI,MI,bat,normal,0,MI,41,runs,RG Sharma,S Ravi
396,Chennai,2013-04-13,RCB,CSK,CSK,field,normal,0,CSK,4,wickets,RA Jadeja,Asad Rauf
397,Kolkata,2013-04-14,KKR,SRH,KKR,bat,normal,0,KKR,48,runs,G Gambhir,M Erasmus
398,Jaipur,2013-04-14,KXIP,RR,RR,field,normal,0,RR,6,wickets,JP Faulkner,Aleem Dar
399,Chennai,2013-04-15,PWI,CSK,PWI,bat,normal,0,PWI,24,runs,SPD Smith,Asad Rauf
400,Chandigarh,2013-04-16,KXIP,KKR,KKR,field,normal,0,KXIP,4,runs,MS Gony,CK Nandan
401,Bangalore,2013-04-16,DD,RCB,RCB,field,tie,0,RCB,0,,V Kohli,M Erasmus
402,Pune,2013-04-17,SRH,PWI,PWI,field,normal,0,SRH,11,runs,A Mishra,Asad Rauf
403,Jaipur,2013-04-17,RR,MI,RR,bat,normal,0,RR,87,runs,AM Rahane,Aleem Dar
404,Delhi,2013-04-18,CSK,DD,CSK,bat,normal,0,CSK,86,runs,MEK Hussey,M Erasmus
405,Hyderabad,2013-04-19,KXIP,SRH,KXIP,bat,normal,0,SRH,5,wickets,GH Vihari,HDPK Dharmasena
406,Kolkata,2013-04-20,KKR,CSK,KKR,bat,normal,0,CSK,4,wickets,RA Jadeja,Asad Rauf
407,Bangalore,2013-04-20,RR,RCB,RCB,field,normal,0,RCB,7,wickets,R Vinay Kumar,Aleem Dar
408,Delhi,2013-04-21,MI,DD,MI,bat,normal,0,DD,9,wickets,V Sehwag,HDPK Dharmasena
409,Chandigarh,2013-04-21,PWI,KXIP,KXIP,field,normal,0,KXIP,7,wickets,DA Miller,M Erasmus
410,Chennai,2013-04-22,RR,CSK,RR,bat,normal,0,CSK,5,wickets,MEK Hussey,S Asnani
411,Bangalore,2013-04-23,RCB,PWI,PWI,field,normal,0,RCB,130,runs,CH Gayle,Aleem Dar
412,Dharamsala,2013-05-16,KXIP,DD,DD,field,normal,0,KXIP,7,runs,DA Miller,HDPK Dharmasena
413,Kolkata,2013-04-24,KKR,MI,KKR,bat,normal,0,MI,5,wickets,DR Smith,HDPK Dharmasena
414,Chennai,2013-04-25,SRH,CSK,SRH,bat,normal,0,CSK,5,wickets,MS Dhoni,Aleem Dar
415,Kolkata,2013-04-26,KXIP,KKR,KXIP,bat,normal,0,KKR,6,wickets,JH Kallis,CK Nandan
416,Jaipur,2013-04-27,SRH,RR,SRH,bat,normal,0,RR,8,wickets,JP Faulkner,VA Kulkarni
417,Mumbai,2013-04-27,MI,RCB,MI,bat,normal,0,MI,58,runs,DR Smith,Asad Rauf
418,Chennai,2013-04-28,CSK,KKR,KKR,field,normal,0,CSK,14,runs,MEK Hussey,Aleem Dar
419,Raipur,2013-04-28,DD,PWI,PWI,field,normal,0,DD,15,runs,DA Warner,CK Nandan
420,Jaipur,2013-04-29,RCB,RR,RR,field,normal,0,RR,4,wickets,SV Samson,M Erasmus
421,Mumbai,2013-04-29,MI,KXIP,MI,bat,normal,0,MI,4,runs,RG Sharma,Asad Rauf
422,Pune,2013-04-30,CSK,PWI,CSK,bat,normal,0,CSK,37,runs,MS Dhoni,S Das
423,Hyderabad,2013-05-01,MI,SRH,MI,bat,normal,0,SRH,7,wickets,I Sharma,Asad Rauf
424,Raipur,2013-05-01,KKR,DD,KKR,bat,normal,0,DD,7,wickets,DA Warner,HDPK Dharmasena
425,Chennai,2013-05-02,CSK,KXIP,CSK,bat,normal,0,CSK,15,runs,SK Raina,M Erasmus
426,Pune,2013-05-02,RCB,PWI,RCB,bat,normal,0,RCB,17,runs,AB de Villiers,Aleem Dar
427,Kolkata,2013-05-03,RR,KKR,RR,bat,normal,0,KKR,8,wickets,YK Pathan,HDPK Dharmasena
428,Hyderabad,2013-05-04,DD,SRH,DD,bat,normal,0,SRH,6,wickets,DJG Sammy,Asad Rauf
429,Bangalore,2013-05-14,RCB,KXIP,KXIP,field,normal,0,KXIP,7,wickets,AC Gilchrist,HDPK Dharmasena
430,Mumbai,2013-05-05,MI,CSK,MI,bat,normal,0,MI,60,runs,MG Johnson,HDPK Dharmasena
431,Jaipur,2013-05-05,PWI,RR,PWI,bat,normal,0,RR,5,wickets,AM Rahane,C Shamshuddin
432,Bangalore,2013-04-09,SRH,RCB,SRH,bat,normal,0,RCB,7,wickets,V Kohli,S Ravi
433,Jaipur,2013-05-07,DD,RR,DD,bat,normal,0,RR,9,wickets,AM Rahane,Aleem Dar
434,Mumbai,2013-05-07,MI,KKR,MI,bat,normal,0,MI,65,runs,SR Tendulkar,HDPK Dharmasena
435,Hyderabad,2013-05-08,CSK,SRH,SRH,field,normal,0,CSK,77,runs,SK Raina,S Das
436,Chandigarh,2013-05-09,KXIP,RR,RR,field,normal,0,RR,8,wickets,KK Cooper,HDPK Dharmasena
437,Pune,2013-05-09,KKR,PWI,KKR,bat,normal,0,KKR,46,runs,G Gambhir,Asad Rauf
438,Delhi,2013-05-10,RCB,DD,DD,field,normal,0,RCB,4,runs,JD Unadkat,NJ Llong
439,Pune,2013-05-11,PWI,MI,PWI,bat,normal,0,MI,5,wickets,MG Johnson,Asad Rauf
440,Chandigarh,2013-05-11,SRH,KXIP,KXIP,field,normal,0,SRH,30,runs,PA Patel,S Das
441,Ranchi,2013-05-12,RCB,KKR,KKR,field,normal,0,KKR,5,wickets,JH Kallis,NJ Llong
442,Jaipur,2013-05-12,CSK,RR,RR,field,normal,0,RR,5,wickets,SR Watson,HDPK Dharmasena
443,Delhi,2013-04-23,DD,KXIP,KXIP,field,normal,0,KXIP,5,wickets,Harmeet Singh,VA Kulkarni
444,Mumbai,2013-05-13,SRH,MI,SRH,bat,normal,0,MI,7,wickets,KA Pollard,AK Chaudhary
445,Ranchi,2013-05-15,PWI,KKR,KKR,field,normal,0,PWI,7,runs,MK Pandey,NJ Llong
446,Chennai,2013-05-14,CSK,DD,CSK,bat,normal,0,CSK,33,runs,MS Dhoni,C Shamshuddin
447,Mumbai,2013-05-15,MI,RR,RR,field,normal,0,MI,14,runs,AP Tare,Asad Rauf
448,Chandigarh,2013-05-06,RCB,KXIP,KXIP,field,normal,0,KXIP,6,wickets,DA Miller,VA Kulkarni
449,Hyderabad,2013-05-17,SRH,RR,SRH,bat,normal,0,SRH,23,runs,A Mishra,Asad Rauf
450,Dharamsala,2013-05-18,KXIP,MI,MI,field,normal,0,KXIP,50,runs,Azhar Mahmood,HDPK Dharmasena
451,Pune,2013-05-19,PWI,DD,PWI,bat,normal,0,PWI,38,runs,LJ Wright,NJ Llong
452,Bangalore,2013-05-18,RCB,CSK,CSK,field,normal,0,RCB,24,runs,V Kohli,C Shamshuddin
453,Hyderabad,2013-05-19,KKR,SRH,KKR,bat,normal,0,SRH,5,wickets,PA Patel,Asad Rauf
454,Delhi,2013-05-21,CSK,MI,CSK,bat,normal,0,CSK,48,runs,MEK Hussey,NJ Llong
455,Delhi,2013-05-22,SRH,RR,SRH,bat,normal,0,RR,4,wickets,BJ Hodge,S Ravi
456,Kolkata,2013-05-24,RR,MI,RR,bat,normal,0,MI,4,wickets,Harbhajan Singh,C Shamshuddin
457,Kolkata,2013-05-26,MI,CSK,MI,bat,normal,0,MI,23,runs,KA Pollard,HDPK Dharmasena
458,Abu Dhabi,2014-04-16,KKR,MI,KKR,bat,normal,0,KKR,41,runs,JH Kallis,M Erasmus
459,Sharjah,2014-04-17,DD,RCB,RCB,field,normal,0,RCB,8,wickets,YS Chahal,Aleem Dar
460,Abu Dhabi,2014-04-18,CSK,KXIP,CSK,bat,normal,0,KXIP,6,wickets,GJ Maxwell,RK Illingworth
461,Abu Dhabi,2014-04-18,SRH,RR,RR,field,normal,0,RR,4,wickets,AM Rahane,BF Bowden
462,,2014-04-19,MI,RCB,RCB,field,normal,0,RCB,7,wickets,PA Patel,Aleem Dar
463,,2014-04-19,KKR,DD,KKR,bat,normal,0,DD,4,wickets,JP Duminy,Aleem Dar
464,Sharjah,2014-04-20,RR,KXIP,KXIP,field,normal,0,KXIP,7,wickets,GJ Maxwell,BF Bowden
465,Abu Dhabi,2014-04-21,CSK,DD,CSK,bat,normal,0,CSK,93,runs,SK Raina,RK Illingworth
466,Sharjah,2014-04-22,KXIP,SRH,SRH,field,normal,0,KXIP,72,runs,GJ Maxwell,M Erasmus
467,,2014-04-23,CSK,RR,RR,field,normal,0,CSK,7,runs,RA Jadeja,HDPK Dharmasena
468,Sharjah,2014-04-24,KKR,RCB,RCB,field,normal,0,KKR,2,runs,CA Lynn,Aleem Dar
469,,2014-04-25,SRH,DD,SRH,bat,normal,0,SRH,4,runs,AJ Finch,M Erasmus
470,,2014-04-25,MI,CSK,MI,bat,normal,0,CSK,7,wickets,MM Sharma,BF Bowden
471,Abu Dhabi,2014-04-26,RCB,RR,RR,field,normal,0,RR,6,wickets,PV Tambe,HDPK Dharmasena
472,Abu Dhabi,2014-04-26,KXIP,KKR,KKR,field,normal,0,KXIP,23,runs,Sandeep Sharma,HDPK Dharmasena
473,Sharjah,2014-04-27,MI,DD,MI,bat,normal,0,DD,6,wickets,M Vijay,Aleem Dar
474,Sharjah,2014-04-27,SRH,CSK,SRH,bat,normal,0,CSK,5,wickets,DR Smith,AK Chaudhary
475,,2014-04-28,RCB,KXIP,KXIP,field,normal,0,KXIP,5,wickets,Sandeep Sharma,BF Bowden
476,Abu Dhabi,2014-04-29,RR,KKR,RR,bat,tie,0,RR,0,,JP Faulkner,Aleem Dar
477,,2014-04-30,SRH,MI,MI,field,normal,0,SRH,15,runs,B Kumar,HDPK Dharmasena
478,Ranchi,2014-05-02,CSK,KKR,CSK,bat,normal,0,CSK,34,runs,RA Jadeja,AK Chaudhary
479,Mumbai,2014-05-03,KXIP,MI,KXIP,bat,normal,0,MI,5,wickets,CJ Anderson,BNJ Oxenford
480,Delhi,2014-05-03,DD,RR,RR,field,normal,0,RR,7,wickets,KK Nair,SS Hazare
481,Bangalore,2014-05-04,SRH,RCB,RCB,field,normal,0,RCB,4,wickets,AB de Villiers,HDPK Dharmasena
482,Ahmedabad,2014-05-05,RR,KKR,KKR,field,normal,0,RR,10,runs,PV Tambe,NJ Llong
483,Delhi,2014-05-05,DD,CSK,CSK,field,normal,0,CSK,8,wickets,DR Smith,RM Deshpande
484,Mumbai,2014-05-06,MI,RCB,RCB,field,normal,0,MI,19,runs,RG Sharma,S Ravi
485,Delhi,2014-05-07,DD,KKR,DD,bat,normal,0,KKR,8,wickets,G Gambhir,BNJ Oxenford
486,Cuttack,2014-05-07,KXIP,CSK,CSK,field,normal,0,KXIP,44,runs,GJ Maxwell,HDPK Dharmasena
487,Ahmedabad,2014-05-08,SRH,RR,RR,field,normal,0,SRH,32,runs,B Kumar,AK Chaudhary
488,Bangalore,2014-05-09,KXIP,RCB,RCB,field,normal,0,KXIP,32,runs,Sandeep Sharma,S Ravi
489,Delhi,2014-05-10,DD,SRH,SRH,field,normal,1,SRH,8,wickets,DW Steyn,RM Deshpande
490,Mumbai,2014-05-10,MI,CSK,CSK,field,normal,0,CSK,4,wickets,DR Smith,HDPK Dharmasena
491,Cuttack,2014-05-11,KXIP,KKR,KKR,field,normal,0,KKR,9,wickets,G Gambhir,NJ Llong
492,Bangalore,2014-05-11,RCB,RR,RCB,bat,normal,0,RR,5,wickets,JP Faulkner,S Ravi
493,Hyderabad,2014-05-12,SRH,MI,SRH,bat,normal,0,MI,7,wickets,AT Rayudu,HDPK Dharmasena
494,Ranchi,2014-05-13,RR,CSK,RR,bat,normal,0,CSK,5,wickets,RA Jadeja,BNJ Oxenford
495,Bangalore,2014-05-13,RCB,DD,DD,field,normal,0,RCB,16,runs,Yuvraj Singh,K Srinath
496,Hyderabad,2014-05-14,SRH,KXIP,KXIP,field,normal,0,KXIP,6,wickets,WP Saha,VA Kulkarni
497,Cuttack,2014-05-14,MI,KKR,KKR,field,normal,0,KKR,6,wickets,RV Uthappa,AK Chaudhary
498,Ahmedabad,2014-05-15,RR,DD,DD,field,normal,0,RR,62,runs,AM Rahane,S Ravi
499,Ranchi,2014-05-18,CSK,RCB,CSK,bat,normal,0,RCB,5,wickets,AB de Villiers,BNJ Oxenford
500,Hyderabad,2014-05-18,SRH,KKR,SRH,bat,normal,0,KKR,7,wickets,UT Yadav,NJ Llong
501,Ahmedabad,2014-05-19,MI,RR,MI,bat,normal,0,MI,25,runs,MEK Hussey,S Ravi
502,Delhi,2014-05-19,DD,KXIP,KXIP,field,normal,0,KXIP,4,wickets,AR Patel,HDPK Dharmasena
503,Hyderabad,2014-05-20,RCB,SRH,RCB,bat,normal,0,SRH,7,wickets,DA Warner,AK Chaudhary
504,Kolkata,2014-05-20,CSK,KKR,KKR,field,normal,0,KKR,8,wickets,RV Uthappa,RM Deshpande
505,Chandigarh,2014-05-21,KXIP,MI,MI,field,normal,0,MI,7,wickets,LMP Simmons,HDPK Dharmasena
506,Kolkata,2014-05-22,KKR,RCB,RCB,field,normal,0,KKR,30,runs,RV Uthappa,AK Chaudhary
507,Ranchi,2014-05-22,CSK,SRH,SRH,field,normal,0,SRH,6,wickets,DA Warner,BNJ Oxenford
508,Mumbai,2014-05-23,MI,DD,DD,field,normal,0,MI,15,runs,MEK Hussey,S Ravi
509,Chandigarh,2014-05-23,KXIP,RR,RR,field,normal,0,KXIP,16,runs,SE Marsh,HDPK Dharmasena
510,Bangalore,2014-05-24,RCB,CSK,CSK,field,normal,0,CSK,8,wickets,MS Dhoni,AK Chaudhary
511,Kolkata,2014-05-24,SRH,KKR,KKR,field,normal,0,KKR,4,wickets,YK Pathan,RM Deshpande
512,Chandigarh,2014-05-25,DD,KXIP,KXIP,field,normal,0,KXIP,7,wickets,M Vohra,HDPK Dharmasena
513,Mumbai,2014-05-25,RR,MI,MI,field,normal,0,MI,5,wickets,CJ Anderson,K Srinath
514,Kolkata,2014-05-27,KKR,KXIP,KXIP,field,normal,0,KKR,28,runs,UT Yadav,NJ Llong
515,Mumbai,2014-05-28,MI,CSK,CSK,field,normal,0,CSK,7,wickets,SK Raina,VA Kulkarni
516,Mumbai,2014-05-30,KXIP,CSK,CSK,field,normal,0,KXIP,24,runs,V Sehwag,HDPK Dharmasena
517,Bangalore,2014-06-01,KXIP,KKR,KKR,field,normal,0,KKR,3,wickets,MK Pandey,HDPK Dharmasena
518,Kolkata,2015-04-08,MI,KKR,KKR,field,normal,0,KKR,7,wickets,M Morkel,S Ravi
519,Chennai,2015-04-09,CSK,DD,DD,field,normal,0,CSK,1,runs,A Nehra,RK Illingworth
520,Pune,2015-04-10,RR,KXIP,KXIP,field,normal,0,RR,26,runs,JP Faulkner,SD Fry
521,Chennai,2015-04-11,CSK,SRH,CSK,bat,normal,0,CSK,45,runs,BB McCullum,RK Illingworth
522,Kolkata,2015-04-11,KKR,RCB,RCB,field,normal,0,RCB,3,wickets,CH Gayle,S Ravi
523,Delhi,2015-04-12,DD,RR,RR,field,normal,0,RR,3,wickets,DJ Hooda,SD Fry
524,Mumbai,2015-04-12,KXIP,MI,MI,field,normal,0,KXIP,18,runs,GJ Bailey,AK Chaudhary
525,Bangalore,2015-04-13,RCB,SRH,SRH,field,normal,0,SRH,8,wickets,DA Warner,RM Deshpande
526,Ahmedabad,2015-04-14,MI,RR,MI,bat,normal,0,RR,7,wickets,SPD Smith,AK Chaudhary
527,Kolkata,2015-04-30,CSK,KKR,KKR,field,normal,0,KKR,7,wickets,AD Russell,AK Chaudhary
528,Pune,2015-04-15,KXIP,DD,KXIP,bat,normal,0,DD,5,wickets,MA Agarwal,CB Gaffaney
529,Visakhapatnam,2015-04-16,SRH,RR,RR,field,normal,0,RR,6,wickets,AM Rahane,PG Pathak
530,Mumbai,2015-04-17,MI,CSK,MI,bat,normal,0,CSK,6,wickets,A Nehra,AK Chaudhary
531,Visakhapatnam,2015-04-18,DD,SRH,DD,bat,normal,0,DD,4,runs,JP Duminy,PG Pathak
532,Pune,2015-04-18,KXIP,KKR,KKR,field,normal,0,KKR,4,wickets,AD Russell,SD Fry
533,Ahmedabad,2015-04-19,CSK,RR,CSK,bat,normal,0,RR,8,wickets,AM Rahane,AK Chaudhary
534,Bangalore,2015-04-19,MI,RCB,RCB,field,normal,0,MI,18,runs,Harbhajan Singh,RK Illingworth
535,Delhi,2015-04-20,DD,KKR,KKR,field,normal,0,KKR,6,wickets,UT Yadav,SD Fry
536,Ahmedabad,2015-04-21,RR,KXIP,KXIP,field,tie,0,KXIP,0,,SE Marsh,M Erasmus
537,Visakhapatnam,2015-04-22,SRH,KKR,KKR,field,normal,1,SRH,16,runs,DA Warner,RK Illingworth
538,Bangalore,2015-04-22,CSK,RCB,RCB,field,normal,0,CSK,27,runs,SK Raina,JD Cloete
539,Delhi,2015-04-23,DD,MI,MI,field,normal,0,DD,37,runs,SS Iyer,SD Fry
540,Ahmedabad,2015-04-24,RR,RCB,RCB,field,normal,0,RCB,9,wickets,MA Starc,M Erasmus
541,Mumbai,2015-04-25,MI,SRH,MI,bat,normal,0,MI,20,runs,SL Malinga,HDPK Dharmasena
542,Chennai,2015-04-25,CSK,KXIP,CSK,bat,normal,0,CSK,97,runs,BB McCullum,JD Cloete
543,Delhi,2015-04-26,DD,RCB,RCB,field,normal,0,RCB,10,wickets,VR Aaron,M Erasmus
544,Chandigarh,2015-04-27,SRH,KXIP,KXIP,field,normal,0,SRH,20,runs,TA Boult,HDPK Dharmasena
545,Kolkata,2015-05-07,KKR,DD,KKR,bat,normal,0,KKR,13,runs,PP Chawla,AK Chaudhary
546,Bangalore,2015-04-29,RCB,RR,RR,field,no result,0,,0,,,JD Cloete
547,Chennai,2015-04-28,CSK,KKR,KKR,field,normal,0,CSK,2,runs,DJ Bravo,RM Deshpande
548,Delhi,2015-05-01,KXIP,DD,DD,field,normal,0,DD,9,wickets,NM Coulter-Nile,RK Illingworth
549,Mumbai,2015-05-01,MI,RR,RR,field,normal,0,MI,8,runs,AT Rayudu,HDPK Dharmasena
550,Bangalore,2015-05-02,KKR,RCB,RCB,field,normal,0,RCB,7,wickets,Mandeep Singh,JD Cloete
551,Hyderabad,2015-05-02,SRH,CSK,CSK,field,normal,0,SRH,22,runs,DA Warner,AK Chaudhary
552,Chandigarh,2015-05-03,MI,KXIP,MI,bat,normal,0,MI,23,runs,LMP Simmons,RK Illingworth
553,Mumbai,2015-05-03,RR,DD,DD,field,normal,0,RR,14,runs,AM Rahane,HDPK Dharmasena
554,Chennai,2015-05-04,CSK,RCB,CSK,bat,normal,0,CSK,24,runs,SK Raina,C Shamshuddin
555,Kolkata,2015-05-04,KKR,SRH,SRH,field,normal,0,KKR,35,runs,UT Yadav,AK Chaudhary
556,Mumbai,2015-05-05,DD,MI,DD,bat,normal,0,MI,5,wickets,Harbhajan Singh,HDPK Dharmasena
557,Bangalore,2015-05-06,RCB,KXIP,KXIP,field,normal,0,RCB,138,runs,CH Gayle,RK Illingworth
558,Mumbai,2015-05-07,SRH,RR,RR,field,normal,0,SRH,7,runs,EJG Morgan,JD Cloete
559,Chennai,2015-05-08,CSK,MI,CSK,bat,normal,0,MI,6,wickets,HH Pandya,CB Gaffaney
560,Kolkata,2015-05-09,KXIP,KKR,KXIP,bat,normal,0,KKR,1,wickets,AD Russell,AK Chaudhary
561,Raipur,2015-05-09,SRH,DD,SRH,bat,normal,0,SRH,6,runs,MC Henriques,VA Kulkarni
562,Mumbai,2015-05-10,RCB,MI,RCB,bat,normal,0,RCB,39,runs,AB de Villiers,JD Cloete
563,Chennai,2015-05-10,CSK,RR,CSK,bat,normal,0,CSK,12,runs,RA Jadeja,M Erasmus
564,Hyderabad,2015-05-11,SRH,KXIP,SRH,bat,normal,0,SRH,5,runs,DA Warner,AK Chaudhary
565,Raipur,2015-05-12,CSK,DD,CSK,bat,normal,0,DD,6,wickets,Z Khan,RK Illingworth
566,Chandigarh,2015-05-13,KXIP,RCB,RCB,field,normal,0,KXIP,22,runs,AR Patel,JD Cloete
567,Mumbai,2015-05-14,MI,KKR,KKR,field,normal,0,MI,5,runs,HH Pandya,RK Illingworth
568,Hyderabad,2015-05-15,SRH,RCB,SRH,bat,normal,1,RCB,6,wickets,V Kohli,AK Chaudhary
569,Chandigarh,2015-05-16,KXIP,CSK,KXIP,bat,normal,0,CSK,7,wickets,P Negi,CK Nandan
570,Mumbai,2015-05-16,RR,KKR,RR,bat,normal,0,RR,9,runs,SR Watson,RM Deshpande
571,Bangalore,2015-05-17,DD,RCB,RCB,field,no result,0,,0,,,HDPK Dharmasena
572,Hyderabad,2015-05-17,SRH,MI,SRH,bat,normal,0,MI,9,wickets,MJ McClenaghan,CB Gaffaney
573,Mumbai,2015-05-19,MI,CSK,MI,bat,normal,0,MI,25,runs,KA Pollard,HDPK Dharmasena
574,Pune,2015-05-20,RCB,RR,RCB,bat,normal,0,RCB,71,runs,AB de Villiers,AK Chaudhary
575,Ranchi,2015-05-22,RCB,CSK,CSK,field,normal,0,CSK,3,wickets,A Nehra,AK Chaudhary
576,Kolkata,2015-05-24,MI,CSK,CSK,field,normal,0,MI,41,runs,RG Sharma,HDPK Dharmasena
577,Mumbai,2016-04-09,MI,RPS,MI,bat,normal,0,RPS,9,wickets,AM Rahane,HDPK Dharmasena
578,Kolkata,2016-04-10,DD,KKR,KKR,field,normal,0,KKR,9,wickets,AD Russell,S Ravi
579,Chandigarh,2016-04-11,KXIP,GL,GL,field,normal,0,GL,5,wickets,AJ Finch,AK Chaudhary
580,Bangalore,2016-04-12,RCB,SRH,SRH,field,normal,0,RCB,45,runs,AB de Villiers,HDPK Dharmasena
581,Kolkata,2016-04-13,KKR,MI,MI,field,normal,0,MI,6,wickets,RG Sharma,Nitin Menon
582,Rajkot,2016-04-14,RPS,GL,RPS,bat,normal,0,GL,7,wickets,AJ Finch,VA Kulkarni
583,Delhi,2016-04-15,KXIP,DD,DD,field,normal,0,DD,8,wickets,A Mishra,S Ravi
584,Hyderabad,2016-04-16,SRH,KKR,SRH,bat,normal,0,KKR,8,wickets,G Gambhir,AK Chaudhary
585,Mumbai,2016-04-16,MI,GL,GL,field,normal,0,GL,3,wickets,AJ Finch,HDPK Dharmasena
586,Chandigarh,2016-04-17,RPS,KXIP,RPS,bat,normal,0,KXIP,6,wickets,M Vohra,S Ravi
587,Bangalore,2016-04-17,RCB,DD,DD,field,normal,0,DD,7,wickets,Q de Kock,VA Kulkarni
588,Hyderabad,2016-04-18,MI,SRH,SRH,field,normal,0,SRH,7,wickets,DA Warner,HDPK Dharmasena
589,Chandigarh,2016-04-19,KXIP,KKR,KKR,field,normal,0,KKR,6,wickets,RV Uthappa,S Ravi
590,Mumbai,2016-04-20,RCB,MI,MI,field,normal,0,MI,6,wickets,RG Sharma,AK Chaudhary
591,Rajkot,2016-04-21,GL,SRH,SRH,field,normal,0,SRH,10,wickets,B Kumar,K Bharatan
592,Pune,2016-04-22,RCB,RPS,RPS,field,normal,0,RCB,13,runs,AB de Villiers,CB Gaffaney
593,Delhi,2016-04-23,DD,MI,MI,field,normal,0,DD,10,runs,SV Samson,S Ravi
594,Hyderabad,2016-04-23,KXIP,SRH,SRH,field,normal,0,SRH,5,wickets,Mustafizur Rahman,AK Chaudhary
595,Rajkot,2016-04-24,RCB,GL,RCB,bat,normal,0,GL,6,wickets,V Kohli,K Bharatan
596,Pune,2016-04-24,RPS,KKR,KKR,field,normal,0,KKR,2,wickets,SA Yadav,CB Gaffaney
597,Chandigarh,2016-04-25,MI,KXIP,KXIP,field,normal,0,MI,25,runs,PA Patel,Nitin Menon
598,Hyderabad,2016-04-26,SRH,RPS,RPS,field,normal,1,RPS,34,runs,AB Dinda,AY Dandekar
599,Delhi,2016-04-27,GL,DD,DD,field,normal,0,GL,1,runs,CH Morris,M Erasmus
600,Mumbai,2016-04-28,KKR,MI,MI,field,normal,0,MI,6,wickets,RG Sharma,Nitin Menon
601,Pune,2016-04-29,RPS,GL,GL,field,normal,0,GL,3,wickets,DR Smith,CB Gaffaney
602,Delhi,2016-04-30,DD,KKR,KKR,field,normal,0,DD,27,runs,CR Brathwaite,KN Ananthapadmanabhan
603,Hyderabad,2016-04-30,SRH,RCB,RCB,field,normal,0,SRH,15,runs,DA Warner,AK Chaudhary
604,Rajkot,2016-05-01,KXIP,GL,GL,field,normal,0,KXIP,23,runs,AR Patel,BNJ Oxenford
605,Pune,2016-05-01,RPS,MI,MI,field,normal,0,MI,8,wickets,RG Sharma,AY Dandekar
606,Bangalore,2016-05-02,RCB,KKR,KKR,field,normal,0,KKR,5,wickets,AD Russell,M Erasmus
607,Rajkot,2016-05-03,GL,DD,DD,field,normal,0,DD,8,wickets,RR Pant,CB Gaffaney
608,Kolkata,2016-05-04,KKR,KXIP,KXIP,field,normal,0,KKR,7,runs,AD Russell,AK Chaudhary
609,Delhi,2016-05-05,DD,RPS,RPS,field,normal,0,RPS,7,wickets,AM Rahane,C Shamshuddin
610,Hyderabad,2016-05-06,GL,SRH,SRH,field,normal,0,SRH,5,wickets,B Kumar,M Erasmus
611,Bangalore,2016-05-07,RPS,RCB,RCB,field,normal,0,RCB,7,wickets,V Kohli,CB Gaffaney
612,Chandigarh,2016-05-07,KXIP,DD,DD,field,normal,0,KXIP,9,runs,MP Stoinis,HDPK Dharmasena
613,Visakhapatnam,2016-05-08,SRH,MI,MI,field,normal,0,SRH,85,runs,A Nehra,S Ravi
614,Kolkata,2016-05-08,KKR,GL,GL,field,normal,0,GL,5,wickets,P Kumar,M Erasmus
615,Chandigarh,2016-05-09,RCB,KXIP,KXIP,field,normal,0,RCB,1,runs,SR Watson,AK Chaudhary
616,Visakhapatnam,2016-05-10,SRH,RPS,SRH,bat,normal,0,SRH,4,runs,A Zampa,CB Gaffaney
617,Bangalore,2016-05-11,RCB,MI,MI,field,normal,0,MI,6,wickets,KH Pandya,AY Dandekar
618,Hyderabad,2016-05-12,SRH,DD,DD,field,normal,0,DD,7,wickets,CH Morris,K Bharatan
619,Visakhapatnam,2016-05-13,MI,KXIP,MI,bat,normal,0,KXIP,7,wickets,MP Stoinis,HDPK Dharmasena
620,Bangalore,2016-05-14,RCB,GL,GL,field,normal,0,RCB,144,runs,AB de Villiers,AY Dandekar
621,Kolkata,2016-05-14,RPS,KKR,RPS,bat,normal,1,KKR,8,wickets,YK Pathan,A Nand Kishore
622,Chandigarh,2016-05-15,KXIP,SRH,KXIP,bat,normal,0,SRH,7,wickets,HM Amla,KN Ananthapadmanabhan
623,Visakhapatnam,2016-05-15,MI,DD,DD,field,normal,0,MI,80,runs,KH Pandya,Nitin Menon
624,Kolkata,2016-05-16,KKR,RCB,RCB,field,normal,0,RCB,9,wickets,V Kohli,CB Gaffaney
625,Visakhapatnam,2016-05-17,DD,RPS,RPS,field,normal,1,RPS,19,runs,AB Dinda,Nitin Menon
626,Bangalore,2016-05-18,RCB,KXIP,KXIP,field,normal,1,RCB,82,runs,V Kohli,KN Ananthapadmanabhan
627,Kanpur,2016-05-19,KKR,GL,GL,field,normal,0,GL,6,wickets,DR Smith,AK Chaudhary
628,Raipur,2016-05-20,SRH,DD,DD,field,normal,0,DD,6,wickets,KK Nair,A Nand Kishore
629,Visakhapatnam,2016-05-21,KXIP,RPS,KXIP,bat,normal,0,RPS,4,wickets,MS Dhoni,HDPK Dharmasena
630,Kanpur,2016-05-21,MI,GL,GL,field,normal,0,GL,6,wickets,SK Raina,AK Chaudhary
631,Kolkata,2016-05-22,KKR,SRH,SRH,field,normal,0,KKR,22,runs,YK Pathan,KN Ananthapadmanabhan
632,Raipur,2016-05-22,DD,RCB,RCB,field,normal,0,RCB,6,wickets,V Kohli,A Nand Kishore
633,Bangalore,2016-05-24,GL,RCB,RCB,field,normal,0,RCB,4,wickets,AB de Villiers,AK Chaudhary
634,Delhi,2016-05-25,SRH,KKR,KKR,field,normal,0,SRH,22,runs,MC Henriques,M Erasmus
635,Delhi,2016-05-27,GL,SRH,SRH,field,normal,0,SRH,4,wickets,DA Warner,M Erasmus
636,Bangalore,2016-05-29,SRH,RCB,SRH,bat,normal,0,SRH,8,runs,BCJ Cutting,HDPK Dharmasena
